csv_col,book_table,csv_to_printed_factor,matches,tested,status
enerc,1,1,526,527,VERIFIED
water,1,1,527,527,VERIFIED
ash,1,1,527,527,VERIFIED
vit,2,1,129,528,WEAK_MATCH_REVIEW_MANUALLY
fatce,1,1,526,527,VERIFIED
cholc,7,1000.0,211,211,VERIFIED
fibtg,1,1,306,306,VERIFIED
choavldf,1,1,312,313,VERIFIED
protcnt,1,1,527,527,VERIFIED
amiac,5,0.001,215,527,WEAK_MATCH_REVIEW_MANUALLY
cartoid,4,1000000.0,322,323,VERIFIED
polyph,10,1000.0,302,302,VERIFIED
phystr,3,1,48,300,WEAK_MATCH_REVIEW_MANUALLY
tocph,3,1000.0,357,525,WEAK_MATCH_REVIEW_MANUALLY
toctr,3,1000.0,110,144,WEAK_MATCH_REVIEW_MANUALLY
orgac,5,0.001,42,312,WEAK_MATCH_REVIEW_MANUALLY
phytac,11,1000.0,299,299,VERIFIED
sapon,11,1,115,115,VERIFIED
mnrleq,5,0.001,162,528,WEAK_MATCH_REVIEW_MANUALLY
mnrlet,5,1,243,528,WEAK_MATCH_REVIEW_MANUALLY
mnrlpet,5,1000.0,275,275,VERIFIED
mnrlnet,5,1000.0,294,414,WEAK_MATCH_REVIEW_MANUALLY
mnrltx,5,1000000.0,142,142,VERIFIED
vita,4,1000000.0,225,282,WEAK_MATCH_REVIEW_MANUALLY
vitb,5,1,193,528,WEAK_MATCH_REVIEW_MANUALLY
vitc,2,1000.0,229,229,VERIFIED
vitd,3,1000000.0,408,499,WEAK_MATCH_REVIEW_MANUALLY
vite,3,1000.0,514,524,VERIFIED
vitk,3,1000000.0,519,519,VERIFIED
fasat,7,1000.0,526,526,VERIFIED
fauns,5,0.001,105,526,WEAK_MATCH_REVIEW_MANUALLY
faess,7,1000.0,297,526,WEAK_MATCH_REVIEW_MANUALLY
facis,5,0.001,105,526,WEAK_MATCH_REVIEW_MANUALLY
fatrn,,,,0,UNVERIFIED_TOO_FEW_VALUES
fams,7,1000.0,526,526,VERIFIED
fapu,7,1000.0,526,526,VERIFIED
facn3,7,1000.0,371,515,WEAK_MATCH_REVIEW_MANUALLY
facn6,7,1000.0,313,526,WEAK_MATCH_REVIEW_MANUALLY
facn9,7,1000.0,298,525,WEAK_MATCH_REVIEW_MANUALLY
facn5,7,1000.0,9,9,VERIFIED
facn7,7,1000.0,367,367,VERIFIED
fibins,1,1,307,307,VERIFIED
fibsol,1,1,306,306,VERIFIED
cho,6,1,314,314,VERIFIED
starch,6,1,264,264,VERIFIED
olsac,11,1,37,88,WEAK_MATCH_REVIEW_MANUALLY
fsugar,6,1,314,314,VERIFIED
amiace,5,0.001,195,527,WEAK_MATCH_REVIEW_MANUALLY
amiacce,5,0.001,148,527,WEAK_MATCH_REVIEW_MANUALLY
amiacne,5,0.001,190,527,WEAK_MATCH_REVIEW_MANUALLY
retol,3,1000000.0,212,212,VERIFIED
thia,2,1000.0,522,522,VERIFIED
ribf,2,1000.0,526,526,VERIFIED
nia,2,1000.0,527,527,VERIFIED
pantac,2,1000.0,528,528,VERIFIED
vitb6c,2,1000.0,411,528,WEAK_MATCH_REVIEW_MANUALLY
biot,2,1000000.0,401,518,WEAK_MATCH_REVIEW_MANUALLY
folsum,2,1000000.0,347,347,VERIFIED
ergcal,3,1000000.0,297,299,VERIFIED
chocal,3,1000000.0,199,199,VERIFIED
doh25,3,1000000.0,141,141,VERIFIED
tocpha,3,1000.0,524,524,VERIFIED
tocphb,3,1000.0,54,54,VERIFIED
tocphg,3,1000.0,159,159,VERIFIED
tocphd,3,1000.0,52,52,VERIFIED
toctra,3,1000.0,106,106,VERIFIED
toctrb,3,1000.0,24,24,VERIFIED
toctrg,3,1000.0,42,42,VERIFIED
toctrd,3,1000.0,15,15,VERIFIED
vitk1,3,1000000.0,307,307,VERIFIED
vitk2,3,1000000.0,212,212,VERIFIED
lutn,4,1000000.0,322,322,VERIFIED
zea,4,1000000.0,281,281,VERIFIED
lycpn,4,1000000.0,10,10,VERIFIED
crypxb,4,1000000.0,35,35,VERIFIED
cartg,,,,0,UNVERIFIED_TOO_FEW_VALUES
carta,4,1000000.0,22,22,VERIFIED
cartb,4,1000000.0,282,282,VERIFIED
al,5,1000.0,322,322,VERIFIED
as,5,1000000.0,169,170,VERIFIED
cd,5,1000.0,199,200,VERIFIED
ca,5,1000.0,527,527,VERIFIED
cr,5,1000.0,478,478,VERIFIED
co,5,1000.0,319,319,VERIFIED
cu,5,1000.0,525,525,VERIFIED
fe,5,1000.0,527,527,VERIFIED
pb,5,1000.0,291,291,VERIFIED
li,5,1000.0,275,275,VERIFIED
mg,5,1000.0,527,527,VERIFIED
mn,5,1000.0,523,523,VERIFIED
hg,5,1000000.0,142,142,VERIFIED
mo,5,1000.0,289,289,VERIFIED
ni,5,1000.0,450,450,VERIFIED
p,5,1000.0,527,527,VERIFIED
k,5,1000.0,528,528,VERIFIED
se,5,1000000.0,435,435,VERIFIED
na,5,1000.0,528,528,VERIFIED
zn,5,1000.0,528,528,VERIFIED
frus,6,1,291,291,VERIFIED
glus,6,1,305,305,VERIFIED
sucs,6,1,250,250,VERIFIED
mals,6,1,16,16,VERIFIED
lactose,,,,0,UNVERIFIED_TOO_FEW_VALUES
f4d0,,,,0,UNVERIFIED_TOO_FEW_VALUES
f6d0,,,,0,UNVERIFIED_TOO_FEW_VALUES
f8d0,,,,0,UNVERIFIED_TOO_FEW_VALUES
f10d0,7,1000.0,10,10,VERIFIED
f12d0,7,1000.0,82,82,VERIFIED
f14d0,7,1000.0,327,327,VERIFIED
f16d0,7,1000.0,525,526,VERIFIED
f18d0,7,1000.0,524,524,VERIFIED
f20d0,7,1000.0,360,360,VERIFIED
f22d0,7,1000.0,277,277,VERIFIED
f24d0,7,1000.0,254,254,VERIFIED
f14d1cn5,7,1000.0,9,9,VERIFIED
f16d1cn7,7,1000.0,367,367,VERIFIED
f18d1cn9,7,1000.0,503,525,VERIFIED
f18d1tn9,,,,0,UNVERIFIED_TOO_FEW_VALUES
f20d1cn9,7,1000.0,208,229,WEAK_MATCH_REVIEW_MANUALLY
f22d1cn9,7,1000.0,40,45,WEAK_MATCH_REVIEW_MANUALLY
f24d1cn9,7,1000.0,74,84,WEAK_MATCH_REVIEW_MANUALLY
f18d2cn6,7,1000.0,505,526,VERIFIED
f20d2n6,7,1000.0,82,93,WEAK_MATCH_REVIEW_MANUALLY
f18d3n3,7,1000.0,398,399,VERIFIED
f20d4n6,7,1000.0,201,201,VERIFIED
f11d0,1,1000.0,6,6,VERIFIED
f15d0,7,1000.0,95,95,VERIFIED
f20d3n6,7,1000.0,69,79,WEAK_MATCH_REVIEW_MANUALLY
f20d5n3,7,1000.0,127,127,VERIFIED
f22d6n3,7,1000.0,145,145,VERIFIED
f22d2n6,7,1000.0,7,7,VERIFIED
f22d5n3,7,1000.0,89,89,VERIFIED
his,8,per_protein,511,527,VERIFIED
ile,8,per_protein,508,527,VERIFIED
leu,8,per_protein,508,527,VERIFIED
lys,8,per_protein,508,527,VERIFIED
met,8,per_protein,527,527,VERIFIED
cys,8,per_protein,527,527,VERIFIED
phe,8,per_protein,527,527,VERIFIED
thr,8,per_protein,514,527,VERIFIED
trp,8,per_protein,515,526,VERIFIED
val,8,per_protein,513,527,VERIFIED
ala,8,per_protein,509,527,VERIFIED
arg,8,per_protein,527,527,VERIFIED
asp,8,per_protein,527,527,VERIFIED
glu,8,per_protein,508,527,VERIFIED
gly,8,per_protein,527,527,VERIFIED
pro,8,per_protein,510,527,VERIFIED
ser,8,per_protein,527,527,VERIFIED
tyr,8,per_protein,527,527,VERIFIED
oxalt,9,1000.0,302,302,VERIFIED
oxals,9,1000.0,302,302,VERIFIED
oxali,9,1000.0,302,302,VERIFIED
caconac,9,1000.0,154,154,VERIFIED
citac,9,1000.0,262,262,VERIFIED
fumac,9,1000.0,294,294,VERIFIED
malac,9,1000.0,284,284,VERIFIED
quinac,9,1000.0,118,118,VERIFIED
sucac,9,1000.0,233,233,VERIFIED
tarac,9,1000.0,119,119,VERIFIED
dhbenzac34,10,1000.0,88,88,VERIFIED
hbenzal3,10,1000.0,7,7,VERIFIED
pcathac,10,1000.0,114,114,VERIFIED
vanlac,10,1000.0,82,82,VERIFIED
gallac,10,1000.0,98,98,VERIFIED
cinmac,10,1000.0,17,17,VERIFIED
coumaco,10,1000.0,6,6,VERIFIED
coumacp,10,1000.0,184,184,VERIFIED
caffac,10,1000.0,220,220,VERIFIED
chlrac,10,1000.0,190,190,VERIFIED
ferac,10,1000.0,153,153,VERIFIED
apigen,10,1000.0,74,74,VERIFIED
apigen6cgls,10,1000.0,14,14,VERIFIED
apigen7onshps,10,1000.0,51,51,VERIFIED
luteol,10,1000.0,70,70,VERIFIED
kaemf,10,1000.0,111,111,VERIFIED
querce,10,1000.0,104,104,VERIFIED
querce3bdgls,10,1000.0,48,48,VERIFIED
querce3ortns,10,1000.0,59,59,VERIFIED
querce3bgls,10,1000.0,18,18,VERIFIED
isormt,10,1000.0,27,27,VERIFIED
myrct,10,1000.0,43,43,VERIFIED
rsvrtol,10,1000.0,12,12,VERIFIED
hespt,10,1000.0,12,12,VERIFIED
narng,10,1000.0,9,9,VERIFIED
hespd,10,1000.0,8,8,VERIFIED
daidzn,10,1000.0,19,19,VERIFIED
gnstein,10,1000.0,19,19,VERIFIED
epicatec,10,1000.0,46,46,VERIFIED
epicategc,10,1000.0,26,26,VERIFIED
epicatgc3gal,10,1000.0,17,17,VERIFIED
catec,10,1000.0,72,72,VERIFIED
galcatecgal,,,,0,UNVERIFIED_TOO_FEW_VALUES
galcatec,10,1000.0,14,14,VERIFIED
syrgac,10,1000.0,32,32,VERIFIED
sinpac,10,1000.0,30,30,VERIFIED
ellgac,10,1000.0,8,8,VERIFIED
rafs,11,1,87,87,VERIFIED
stas,11,1,55,55,VERIFIED
vers,11,1,35,35,VERIFIED
ajgs,,,,0,UNVERIFIED_TOO_FEW_VALUES
camt,11,1000.0,300,300,VERIFIED
stgstr,11,1000.0,300,300,VERIFIED
stostrb,11,1000.0,300,300,VERIFIED
carot,4,1000000.0,252,282,WEAK_MATCH_REVIEW_MANUALLY
xantp,2,1000.0,44,322,WEAK_MATCH_REVIEW_MANUALLY
cartbeq,4,1000000.0,225,282,WEAK_MATCH_REVIEW_MANUALLY
